{
  "eye": {
    "orientation": [
      -0.2638392150402069,
      0.012522086501121521,
      -0.00659890566021204,
      0.9644628763198853
    ],
    "magnitude": 0.5773502588272095,
    "position": [
      5.53172492980957,
      102.11751556396484,
      171.87632751464844
    ]
  },
  "paths": [],
  "ortho": true,
  "radius": 100,
  "visualHints": 3
}